"Unsafe shell command constructed from library input","Using externally controlled strings in a command line may allow a malicious user to change the meaning of the command.","error","[[""Array element""|""relative:///index.js:160:7:160:46""]] based on library input is later used in [[""shell command""|""relative:///index.js:169:7:181:8""]].
[[""Array element""|""relative:///index.js:160:7:160:46""]] based on library input is later used in [[""shell command""|""relative:///index.js:169:7:181:8""]].
[[""Array element""|""relative:///index.js:160:7:160:46""]] based on library input is later used in [[""shell command""|""relative:///index.js:169:7:181:8""]].
[[""Array element""|""relative:///index.js:160:7:160:46""]] based on library input is later used in [[""shell command""|""relative:///index.js:169:7:181:8""]].
[[""Array element""|""relative:///index.js:160:7:160:46""]] based on library input is later used in [[""shell command""|""relative:///index.js:169:7:181:8""]].
[[""Array element""|""relative:///index.js:160:7:160:46""]] based on library input is later used in [[""shell command""|""relative:///index.js:169:7:181:8""]].
[[""Array element""|""relative:///index.js:160:7:160:46""]] based on library input is later used in [[""shell command""|""relative:///index.js:169:7:181:8""]].
[[""Array element""|""relative:///index.js:160:7:160:46""]] based on library input is later used in [[""shell command""|""relative:///index.js:169:7:181:8""]].
[[""Array element""|""relative:///index.js:160:7:160:46""]] based on library input is later used in [[""shell command""|""relative:///index.js:169:7:181:8""]].
[[""Array element""|""relative:///index.js:160:7:160:46""]] based on library input is later used in [[""shell command""|""relative:///index.js:169:7:181:8""]].
[[""Array element""|""relative:///index.js:160:7:160:46""]] based on library input is later used in [[""shell command""|""relative:///index.js:169:7:181:8""]].
[[""Array element""|""relative:///index.js:160:7:160:46""]] based on library input is later used in [[""shell command""|""relative:///index.js:169:7:181:8""]].
[[""Array element""|""relative:///index.js:160:7:160:46""]] based on library input is later used in [[""shell command""|""relative:///index.js:169:7:181:8""]].
[[""Array element""|""relative:///index.js:160:7:160:46""]] based on library input is later used in [[""shell command""|""relative:///index.js:169:7:181:8""]].","/index.js","160","7","160","46"
